{"valueType":"nodes","values":[{"_typeName":"User","id":"cjirtury5g89b0a27j4syz74h","name":"tuan","updatedAt":"2018-06-23T20:09:01.985Z","email":"tuan@phung.cz","createdAt":"2018-06-23T19:58:51.391Z","password":"$2a$10$O7cV4hIqGZu6Pjl5hX05f.3gN1HAP0UR.xdewqdUU8bagpuobUaP."},{"_typeName":"User","id":"cjjju87b232l10a08sft2bhhc","name":"Demo","updatedAt":"2018-07-13T10:26:50.752Z","email":"demo@demo.cz","createdAt":"2018-07-13T10:26:50.752Z","password":"$2a$10$Ntj8.alyRrdfmqP7CzJ5vO8GuAvJA7qilSWYB3BeVImMgIV3pFCuq"},{"_typeName":"User","id":"cjjooqed50tpv0b22j2kdnvvh","name":"tuan","updatedAt":"2018-09-23T20:20:53.801Z","email":"test123@gmail.com","createdAt":"2018-07-16T19:51:52.892Z","password":"$2a$10$Akz4NjgurAZfGJ0jLzWitu2m9ol01rTw5jOddpjz4lHYXmGknLqkO"},{"_typeName":"User","id":"cjjoorv7k0unx0b221pr9s4xw","name":"s","updatedAt":"2018-07-16T19:53:01.378Z","email":"test1234@gmail.com","createdAt":"2018-07-16T19:53:01.378Z","password":"$2a$10$WghaCRJ.P956lzMyWaJHwe1lG8U9jNjjW1yWrOIXzpTrXuJYEAAcO"},{"_typeName":"User","id":"cjm9mor1x4ks10b01a19192ki","name":"sample","updatedAt":"2018-09-19T20:57:11.157Z","email":"dasd@dasdasd.cz","createdAt":"2018-09-19T20:57:11.157Z","password":"$2a$10$JZPQ8vfxubsE2VxlWbFF8eihXS02rnA.nSlWL7mBxFD3hPo5V9dBm"},{"_typeName":"User","id":"cjmlya61bajmx0b78sfrvaw2p","name":"tuan","updatedAt":"2018-09-28T11:55:00.239Z","email":"test1@gmail.com","createdAt":"2018-09-28T11:55:00.239Z","password":"$2a$10$10ErSj/JbLrTDmFq9HF4f.uGE.jae5muYZF0eeUUNdBzju68zi4Oq"},{"_typeName":"User","id":"cjmm56lba06w50b56vm7i1qev","name":"auth","updatedAt":"2018-09-28T15:08:10.725Z","email":"auth@gmail.com","createdAt":"2018-09-28T15:08:10.725Z","password":"$2a$10$oZ/jIiRqBxlO9RHhMxzMPOInVLD4EN7a71AbJWgC03lbw3XTrjktO"},{"_typeName":"Job","id":"cjjdcrh8nqzrs0b82ycozvivt","updatedAt":"2018-09-28T12:04:25.569Z","location":"Zlin,Prague","description":"<p><strong>XXXZlínská digitální agentura madeo, nově pod křídly skandinávské společnosti BrandMaster, hledá zkušeného člověka, který si umí vyhrnout rukávy a postavit kvalitní webové aplikace pro zahraniční klienty. Toužíme po digitálním Přemkovi Podlahovi ovládajícím Javu a&nbsp;PostgreSQL, kterému není cizí ani MVC. Pokud navíc dokáže naše díla vylepšovat pomocí JavaScriptu, bude zaručenou hvězdou naší show.</strong></p>\n<p>Po letité spolupráci jsme se v loňském roce stali součástí norsko-švédské společnosti <a href=\"http://www.brandmaster.com/\"><u>BrandMaster</u></a>, jednoho z nejrychleji rostoucích globálních poskytovatelů řešení v oblasti marketing resource managementu (MRM) a marketingové automatizace. Madeo funguje jako vývojový a kreativní hub pro celou skupinu, v rámci které se specializuje především na projekty vyžadující inovativní přístup a netradiční řešení.</p>\n<p>Obvykle pracujeme pro omezený počet klientů na dlouhodobé bázi. Patří mezi ně například Mercedes-Benz, smart, Statoil, DNB, Telia, Mitsubishi Motors či Subway. Při práci si zakládáme na preciznosti a neustálém objevování, testování a využívání nejnovějších technologií.</p>\n<p>S rostoucími potřebami celé skupiny nyní posilujeme náš zlínský tým a hledáme člověka, který:</p>\n<ul>\n  <li>umí nést zodpovědnost</li>\n  <li>má vlastní nápady, názory a nad věcmi přemýšlí v souvislostech</li>\n  <li>Javu a PostgreSQL považuje za svoje nejvíc nejlepší kamarády</li>\n  <li>má zkušenosti s HTML5 a moderními javascriptovými&nbsp;frameworky</li>\n  <li>domluví se anglicky nebo to alespoň bude dobře předstírat a doučí se to tak rychle, že na to nikdy nepřijdeme</li>\n  <li>sdílí s námi přesvědčení, že Zlín je nejlepší místo pro všechno</li>\n  <li>dokáže najít společnou řeč (nebo alespoň systém gest a posunků) s frontend developery i projekťáky</li>\n  <li>má ideálně ve výbavě i humor, GIT a REST</li>\n  <li>mezi svoje hobby řadí kromě křížovek i Maven nebo pěstování Atlassian Bamboo</li>\n</ul>\n<p><strong>Na oplátku nabízíme:</strong></p>\n<ul>\n  <li>odpovídající plat i příjemné čtvrtletní prémie k tomu</li>\n  <li>příspěvky k blaženému stavu v podobě lásky, kávy, snack baru, příspěvku na dovolenou a příspěvků na stravu</li>\n  <li>super pracovní prostředí v centru Zlína, kde nechybí popisovací stěny, Playstation a terasa na pořádný oslavy dokončených projektů</li>\n  <li>lekce angličtiny přímo v kancelářích</li>\n  <li>MultiSport kartičku</li>\n  <li>po domluvě možnost homeofficů, na opici máme sick day</li>\n  <li>práci na ojedinělých mezinárodních projektech a možnost zásadně ovlivňovat podobu stávajících i nových aplikací</li>\n  <li>pracovní stáže i služební cesty do našich norských a švédských kanceláří</li>\n  <li>mimopracovní akce, zážitky i směsici bezva kolegů</li>\n</ul>","tags":"PostgreSQL,git,html","isPublished":true,"createdAt":"2018-07-08T21:31:19.946Z","workingTime":"fullTime,partTime,freelance","title":"Java Developer"},{"_typeName":"Job","id":"cjjgav419blfo0b2276ith2dh","updatedAt":"2018-09-29T17:10:12.871Z","location":"Plzeň","description":"<p><strong>Hledáme C# programátory na projekty v oblastech: TUAN</strong></p>\n<ul>\n  <li>počítačové vidění, neuronové sítě a umělá inteligence (OpenCV, TensorFlow, TensorRT, Caffe),&nbsp;</li>\n  <li>biometrické a surveillance systémy</li>\n  <li>Big Data a IoT&nbsp;(Hadoop/Cloudera)</li>\n  <li>hardware, robotika</li>\n  <li>a případné samostatné projekty.&nbsp;</li>\n</ul>\n<p><strong>Poskytneme Ti přístup k velice zajímavým projektům z oblasti biometrie, počítačového vidění,&nbsp;umělé inteligence/robotiky a Big Data/IoT.&nbsp;</strong></p>\n<p><strong>Předpoklady:</strong> profesionální přístup, odpovědnost, ochota učit se nové a nejmodernější technologie, psaní čistého kódu.&nbsp;</p>\n<p><strong>Požadované znalosti:</strong></p>\n<ul>\n  <li>C#, C/C++, Python</li>\n  <li>OpenCV, základy CUDA</li>\n  <li>zkušenosti s machine learning/artificial Intelligence (Caffe/TensorFlow, deep learning, neural networks)</li>\n  <li>nebo&nbsp;Big Data (Cloudera, IoT, HDFS,&nbsp;StreamSets, Spark, Impala).</li>\n</ul>\n<p><strong>Znalosti výhodou:</strong>&nbsp;ASP.NET, WPF,&nbsp;MS SQL, MongoDB, R, Spark, Impala.</p>\n<p><strong>Nabízíme:</strong></p>\n<ul>\n  <li>nástup ihned</li>\n  <li>velice zajímavou práci na biometrických a surveillance projektech</li>\n  <li>bohaté technologické zázemí a možnosti</li>\n  <li>volnou pracovní dobu (80+ hodin měsíčně)</li>\n  <li>možnost částečné práce z domova (Praha)</li>\n  <li>firemní akce</li>\n  <li>práci na HPP, VPP nebo ŽL</li>\n  <li>osobní růst</li>\n  <li>dobrý platd</li>\n</ul>\n<p>Pokud Tě baví programování a nové technologie, napiš nám o sobě a svých zkušenostech více, připoj reference nebo vlastní kód a ozveme se.</p>","tags":".net,wpf,mongoDB","isPublished":true,"isTopped":true,"createdAt":"2018-07-10T23:01:28.754Z","workingTime":"fullTime,freelance,partTime","title":"C# programátor - umělá inteligence"},{"_typeName":"Job","id":"cjjixyuhuxdaq0b22mfbp0016","updatedAt":"2018-09-27T20:37:09.329Z","location":"Praha 8","description":"<p>As a Full-Stack developer joining our team, you will be in charge of building client facing application across entire stack (Java, NodeJS, React). We believe in small and autonomous teams that own their applications in production. We are looking for a smart motivated person that will advance our mission of delivering a better healthcare experience to our members (over 1M people).</p>\n<p><u><strong>A day in the Life…</strong></u></p>\n<ul>\n  <li>Design/develop/test features of client facing web applications and/or supporting services<br>\n</li>\n  <li>Participate in daily scrum (2 weeks sprints)<br>\n</li>\n  <li>Help your colleagues by submitting pull request reviews on github<br>\n</li>\n</ul>\n<p><u><strong>A look outside the day to day:</strong></u></p>\n<ul>\n  <li>Improve our Accolade Cloud Platform<br>\n</li>\n  <li>Help with establishing Continous Deployment (multiple releases a day with feature flagging instead of scheduled release every 2 weeks)<br>\n</li>\n  <li>Celebrate successes with the team<br>\n</li>\n</ul>\n<p><u><strong>Demonstrated education, skills and experience to be successful in this role:</strong></u></p>\n<ul>\n  <li>Experience with building SPA applications (React, Redux, node)<br>\n</li>\n  <li>Experience with building Java backend systems (Java, Spring, JPA)<br>\n</li>\n  <li>Experience with microservices and cloud technologies (AWS, ELK, docker)<br>\n</li>\n</ul>\n<p><u><strong>Values we admire:</strong></u></p>\n<ul>\n  <li><strong>We find joy and purpose in serving others.</strong><br>\n</li>\n</ul>\n<p>o&nbsp;&nbsp; Making a difference is what we do. We do the right thing for the right reasons – and we do it well, even when it’s hard.</p>\n<p>o&nbsp;&nbsp; You operate from a perspective of truly caring about our employees, clients, and customers and creating value for them.</p>\n<ul>\n  <li><strong>We are strong individually and together, we’re powerful.</strong><br>\n</li>\n</ul>\n<p>o&nbsp;&nbsp; We believe in each other, in honesty, and in having fun. You won’t find egos or office walls here because we aren’t defined by titles – but by actions, behaviors and results.</p>\n<ul>\n  <li><strong>We roll up our sleeves and get stuff done.</strong><br>\n</li>\n  <li><strong>We’re boldly and relentlessly reinventing healthcare.</strong><br>\n</li>\n</ul>\n<p>o&nbsp;&nbsp; We are a company changing the world, one person at a time.</p>\n<p>o&nbsp;&nbsp; Super high expectations? Bring it on?&nbsp; Our curiosity drives us.</p>\n<ul>\n  <li><strong>You understand our desire to be the best place to work and that trust is the foundation of that.</strong><br>\n</li>\n</ul>\n<p><u><strong>Where it all began…</strong></u></p>\n<p>Accolade is an on-demand healthcare concierge for employers, health plans, health systems and consumers. Our team of compassionate, exceptional professionals is supported by breakthrough science and technologies to guide people through the healthcare system in a deeply personalized manner. By taking the time to get to know each person, understand the context of their healthcare decisions, build trust and influence decisions, we deliver industry-leading engagement levels, satisfaction scores unseen in healthcare, better health outcomes, and cost savings of more than 10 percent.</p>\n<p>Accolade has been recognized as one of the nation’s 25 most promising companies by <em>Forbes</em>magazine, the fastest-growing private healthcare company by <em>Inc. 500</em> and a Top Workplace in Philadelphia for five consecutive years.&nbsp;</p>","tags":"React,Redux,Node,Java","isPublished":true,"createdAt":"2018-07-12T19:23:46.534Z","workingTime":"fullTime","title":"Full Stack Developer"},{"_typeName":"Job","id":"cjjmplfjkjija0b22wf218yj4","updatedAt":"2018-09-27T20:53:00.449Z","location":"Liberec","description":"<p>V rámci nadnárodní společnosti <strong>MCON Group ( www.mcon-group.com&nbsp;)</strong>&nbsp;hledáme nové zapálené <strong>Backenďáky</strong> pro vývoj nových projektů pro největší světové automobilky.</p>\n<p><strong>Jak fungujeme:</strong></p>\n<ul>\n  <li>Náš proces vývoje se řídí&nbsp;<strong>agilními principy</strong> a přístupy.</li>\n  <li>Abychom zajistili kvalitní produkt, používáme <strong>Behavior Driven Development</strong> přístup.</li>\n  <li>Máme vlastní plán pro rozvoj <strong>Continuous Delivery</strong>&nbsp;modelu a s každým novým projektem tento model vylepšujeme.</li>\n  <li>V rámci sdílení znalostí a kvality kódu provádíme&nbsp;<strong>Code review</strong>, na kterých si dáváme záležet<strong>.</strong></li>\n  <li>Řízení vývoje probíhá v <strong>GitLabu</strong> pomocí <strong>Kanban Boardu</strong>.&nbsp;</li>\n</ul>\n<p><strong>Co používáme:</strong></p>\n<ul>\n  <li>PHP 7, Symfony</li>\n  <li>Doctrine</li>\n  <li>MySQL, PostgreSQL, Mongo</li>\n  <li>GitLab</li>\n  <li>Docker</li>\n</ul>\n<p><strong>Projekty:</strong></p>\n<p>Máme za sebou např.:&nbsp;</p>\n<ul>\n  <li><strong>Callcentum&nbsp;pro Škoda auto</strong></li>\n  <li>mobilní <strong>CRM pro BMW</strong></li>\n  <li><strong>Porsche Experience center E-commerce</strong></li>\n</ul>\n<p>a nyní chystáme <strong>CRM a E-commerce řešení pro velké obchodní značky</strong> na trh v Číně.&nbsp;</p>\n<p><strong>Co nabízíme:</strong></p>\n<ul>\n  <li>Odměna, 50.000 - 90.000 podle tvých schopností</li>\n  <li>Zkušenosti, pro další osobní rozvoj</li>\n  <li>Přátelský kolektiv&nbsp;</li>\n  <li>Invovace, snažíme se stále používat nejnovější technologie</li>\n  <li>Odpočinek, Kávovar, Pivní sud, Sega !!!&nbsp;</li>\n</ul>\n<p>Tak pokud bys chtěl(a) vědět více, neváhej mi napsat na lukas.janda@improvisio.cz nebo se u nás zastav na kus řeči na Florenc, kde máme kancelář.&nbsp;</p>","tags":"PHP7,symfony,doctrine,mysql,postgresql,mongo,gitlab,docker","isPublished":true,"createdAt":"2018-07-15T10:40:28.405Z","workingTime":"fullTime,partTime,freelance","title":"Backenďák (PHP - Symfony)XXX"},{"_typeName":"Company","id":"cjjdcrh2lqzro0b82gopuyqt3","updatedAt":"2018-07-08T21:31:19.729Z","companyDescription":"Jsme rychle rostoucí vývojový a kreativní hub společnosti BrandMaster s extrémními nároky na kvalitu odvedené práce. Z České republiky jsme se postupně rozrostli do Švédska (Stockholm) a Norska (Oslo, Kristiansand). V dubnu 2017 jsme se stali součástí norské společnosti BrandMaster - evropského lídra v oblasti marketingové automatizace, brand a marketing resource managementu (MRM). ","companyName":"madeo","contactLinkOrEmail":"https://www.madeo.com/","companyCoverImageUrl":"https://www.startupjobs.cz/upload/startup/627/profile/20861704-10154935740296235-8554243566230068223-o150409898163.jpg","createdAt":"2018-07-08T21:31:19.729Z","companyLogoUrl":"https://pbs.twimg.com/profile_images/2319269342/chr7cidgaf7hrj65fycb_400x400.png"},{"_typeName":"Company","id":"cjjgav3uwblfk0b22gwk8bm01","updatedAt":"2018-07-10T23:01:28.524Z","companyDescription":"Hledáme specialisty na Big Data, Machine Learning/Deep Learning, počitačové vidění a biometrii. Společnost vznikla jako inovativní softwarový startup zaměřený na vývoj biometrických a identifikačních komponent a systémů.  Byli jsme součástí Vědeckého inkubátoru ČVUT (dnes Inovacentrum ČVUT) v Praze a také Jihomoravského inovačního centra (JIC) v Brně.   Hledáme specialisty na AI/Deep Learning, biometrii, Big Data a IoT.","companyName":"quantasoft-s-r-o","contactLinkOrEmail":"tuan@phung.cz","companyCoverImageUrl":"https://www.startupjobs.cz/upload/startup/2815/profile/quantasoft-biometrics146726920195.png","createdAt":"2018-07-10T23:01:28.524Z","companyLogoUrl":"https://www.startupjobs.cz/upload/logos/quantasoft-logo146488340260.png"},{"_typeName":"Company","id":"cjjixyub00us80a37avyofz5u","updatedAt":"2018-07-12T19:23:46.295Z","companyDescription":"Our mission is to disrupt the healthcare status quo! We are building, testing and designing a cloud based healthcare platform. We start every day inspired by the possibility of revolutionizing the healthcare industry. From highly personalized client support to developing sophisticated technologies that help deliver industry-leading results for our customers, we’re at the forefront of sweeping change and innovation. Every person — every role — contributes to advancing our mission of delivering a better healthcare experience. It’s this purpose-driven work that attracts smart, caring and passionate professionals to our team.","companyName":"Accolade Technologies","contactLinkOrEmail":"www.tuan@phung.cz","companyCoverImageUrl":"https://www.startupjobs.cz/upload/startup/2747/profile/dsc6781-edit147316744435.jpg","createdAt":"2018-07-12T19:23:46.295Z","companyLogoUrl":"https://www.startupjobs.cz/upload/logos/acc-h-2color-rgb-72dpi148959282979.png"},{"_typeName":"Company","id":"cjjmplf9yjij60b225bqr1lbq","updatedAt":"2018-09-27T20:20:30.839Z","companyDescription":"Vývojářská společnost s mezinárodním přesahem. Vyvíjíme aplikace pro USA, UAE, Činu a Německo\nVývojářská společnost s malým, ale flexibilním kolektivem. \n\nVěnujeme se vývoji webových a mobilních aplikací pro zahraniční klientelu (především automotive).\n\nVyvíjíme aplikace pro USA, UAE, Činu a Německo","companyName":"Improvisio Software s.r.o.","contactLinkOrEmail":"http://www.improvisio.cz/cs/","companyCoverImageUrl":"https://www.livehappy.com/sites/default/files/styles/article_featured/public/main/articles/Happy-office-workers-sized.jpg?itok=30xIPaTL","createdAt":"2018-07-15T10:40:28.059Z","companyLogoUrl":"https://pbs.twimg.com/profile_images/2319269342/chr7cidgaf7hrj65fycb_400x400.png"},{"_typeName":"Company","id":"cjml10t7274tz0b780ps39cl6","updatedAt":"2018-09-27T20:23:56.366Z","companyWebsite":"42342","companyDescription":"4324","companyName":"432","contactLinkOrEmail":"432423","companyCoverImageUrl":"423423","createdAt":"2018-09-27T20:23:56.366Z","companyLogoUrl":"4324234"},{"_typeName":"Company","id":"cjml113tu74ur0b785waawhyp","updatedAt":"2018-09-27T20:24:10.146Z","companyWebsite":"42342","companyDescription":"4324","companyName":"432","contactLinkOrEmail":"432423","companyCoverImageUrl":"423423","createdAt":"2018-09-27T20:24:10.146Z","companyLogoUrl":"4324234"},{"_typeName":"Company","id":"cjml113zh74uv0b78wr8s6q8c","updatedAt":"2018-09-27T20:24:10.349Z","companyWebsite":"42342","companyDescription":"4324","companyName":"432","contactLinkOrEmail":"432423","companyCoverImageUrl":"423423","createdAt":"2018-09-27T20:24:10.349Z","companyLogoUrl":"4324234"},{"_typeName":"Company","id":"cjml11zmk74wu0b7847p5wy1w","updatedAt":"2018-09-27T20:24:51.356Z","companyWebsite":"42342","companyDescription":"4324","companyName":"432","contactLinkOrEmail":"432423","companyCoverImageUrl":"423423","createdAt":"2018-09-27T20:24:51.356Z","companyLogoUrl":"4324234"},{"_typeName":"Company","id":"cjml12ige74yy0b78mg2eccho","updatedAt":"2018-09-27T20:25:15.758Z","companyWebsite":"42342","companyDescription":"4324","companyName":"432","contactLinkOrEmail":"432423","companyCoverImageUrl":"423423","createdAt":"2018-09-27T20:25:15.758Z","companyLogoUrl":"4324234"},{"_typeName":"Company","id":"cjml12it774z30b78nsftkw78","updatedAt":"2018-09-27T20:25:16.219Z","companyWebsite":"42342","companyDescription":"4324","companyName":"432","contactLinkOrEmail":"432423","companyCoverImageUrl":"423423","createdAt":"2018-09-27T20:25:16.219Z","companyLogoUrl":"4324234"},{"_typeName":"Company","id":"cjml1czzw762m0b788x7dcfh0","updatedAt":"2018-09-27T20:33:25.052Z","companyWebsite":"42342","companyDescription":"4324","companyName":"432","contactLinkOrEmail":"432423","companyCoverImageUrl":"423423","createdAt":"2018-09-27T20:33:25.052Z","companyLogoUrl":"4324234"},{"_typeName":"Company","id":"cjmlyg3e2akmc0b78fux3m2e1","updatedAt":"2018-09-28T11:59:36.746Z","companyWebsite":"phung","companyDescription":"phung","companyName":"phung","contactLinkOrEmail":"phung","companyCoverImageUrl":"phung","createdAt":"2018-09-28T11:59:36.746Z","companyLogoUrl":"phung"},{"_typeName":"Company","id":"cjmlyglmlakq20b783oq5asxa","updatedAt":"2018-09-28T12:00:00.381Z","companyWebsite":"phung","companyDescription":"phung","companyName":"phung","contactLinkOrEmail":"phung","companyCoverImageUrl":"phung","createdAt":"2018-09-28T12:00:00.381Z","companyLogoUrl":"phung"},{"_typeName":"Company","id":"cjmlyh7p1akv90b78lz6c1o5z","updatedAt":"2018-09-28T12:00:28.981Z","companyWebsite":"phung","companyDescription":"phung","companyName":"phung","contactLinkOrEmail":"phung","companyCoverImageUrl":"phung","createdAt":"2018-09-28T12:00:28.981Z","companyLogoUrl":"phung"},{"_typeName":"Company","id":"cjmlykt03al6b0b78j61xmqav","updatedAt":"2018-09-28T12:03:16.563Z","companyWebsite":"phung","companyDescription":"phung","companyName":"phung1","contactLinkOrEmail":"phung","companyCoverImageUrl":"phung","createdAt":"2018-09-28T12:03:16.563Z","companyLogoUrl":"phung"},{"_typeName":"Company","id":"cjmlyu24samdb0b78ml1v3y29","updatedAt":"2018-09-28T12:10:28.300Z","companyWebsite":"42342","companyDescription":"4324","companyName":"test","contactLinkOrEmail":"432423","companyCoverImageUrl":"423423","createdAt":"2018-09-28T12:10:28.300Z","companyLogoUrl":"4324234"},{"_typeName":"Company","id":"cjmlyxodfamsa0b78h9vnhn67","updatedAt":"2018-09-28T12:13:17.091Z","companyWebsite":"42342","companyDescription":"4324","companyName":"test222","contactLinkOrEmail":"432423","companyCoverImageUrl":"423423","createdAt":"2018-09-28T12:13:17.091Z","companyLogoUrl":"4324234"},{"_typeName":"Company","id":"cjmm1666nb0dw0b78m44ryzro","updatedAt":"2018-09-28T13:15:52.655Z","companyWebsite":"42342","companyDescription":"4324","companyName":"test222","contactLinkOrEmail":"432423","companyCoverImageUrl":"423423","createdAt":"2018-09-28T13:15:52.655Z","companyLogoUrl":"4324234"},{"_typeName":"Company","id":"cjmm16nhnb0f10b78a8my37qy","updatedAt":"2018-09-28T13:16:15.083Z","companyWebsite":"42342","companyDescription":"4324","companyName":"tuan","contactLinkOrEmail":"432423","companyCoverImageUrl":"423423","createdAt":"2018-09-28T13:16:15.083Z","companyLogoUrl":"4324234"},{"_typeName":"Company","id":"cjmm17dpyb0in0b78mtf49k8m","updatedAt":"2018-09-28T13:16:49.078Z","companyWebsite":"42342","companyDescription":"4324","companyName":"JT","contactLinkOrEmail":"432423","companyCoverImageUrl":"423423","createdAt":"2018-09-28T13:16:49.078Z","companyLogoUrl":"4324234"}]}